Keyword,Currency,Avg. monthly searches,Three month change,YoY change,Competition,Competition (indexed value),Top of page bid (low range),Top of page bid (high range),Ad impression share,Organic impression share,Organic average position,In account?,In plan?,Searches: May 2024,Searches: Jun 2024,Searches: Jul 2024,Searches: Aug 2024,Searches: Sep 2024,Searches: Oct 2024,Searches: Nov 2024,Searches: Dec 2024,Searches: Jan 2025,Searches: Feb 2025,Searches: Mar 2025,Searches: Apr 2025
power bi,JPY,2740000,0%,0%,Low,8,31,307,,,,Y,,2740000,2740000,2740000,2740000,2740000,2740000,2740000,2240000,2740000,2740000,2740000,2740000
powerbi,JPY,2740000,0%,0%,Low,8,31,307,,,,,,2740000,2740000,2740000,2740000,2740000,2740000,2740000,2240000,2740000,2740000,2740000,2740000
microsoft power bi,JPY,110000,0%,0%,Low,12,40,450,,,,,,110000,135000,110000,110000,110000,110000,110000,90500,135000,110000,135000,110000
microsoft bi,JPY,18100,0%,-18%,Low,14,62,688,,,,,,22200,22200,22200,18100,18100,18100,18100,14800,18100,18100,18100,18100
power bi consulting,JPY,3600,23%,0%,Low,18,337,6976,,,,,,4400,2900,2900,2900,2900,2900,2900,2900,3600,4400,6600,5400
power bi dashboard,JPY,60500,-18%,0%,Low,13,69,691,,,,Y,,60500,60500,60500,60500,60500,60500,60500,49500,60500,74000,74000,60500
power bi consulting services,JPY,1000,90%,-21%,Low,5,241,10360,,,,,,1900,1000,720,880,880,720,590,590,720,1000,1300,1900
power bi service,JPY,60500,-18%,22%,Low,5,132,3689,,,,Y,,60500,49500,60500,60500,60500,60500,60500,49500,74000,74000,74000,60500
udemy power bi,JPY,6600,0%,0%,Medium,42,22,191,,,,,,6600,6600,8100,6600,6600,6600,5400,5400,6600,6600,6600,6600
ms power bi,JPY,6600,0%,-19%,Low,12,62,551,,,,,,8100,6600,8100,6600,6600,6600,6600,5400,6600,6600,6600,6600
microsoft powerbi,JPY,110000,0%,0%,Low,12,40,450,,,,,,110000,135000,110000,110000,110000,110000,110000,90500,135000,110000,135000,110000
power bi expert,JPY,1000,30%,48%,Low,29,124,2884,,,,,,880,1000,1000,1000,880,880,1000,880,1000,1000,1300,1300
bi dashboard,JPY,9900,0%,0%,Low,15,110,1285,,,,Y,,9900,9900,9900,8100,8100,9900,9900,9900,9900,9900,12100,9900
bi reporting,JPY,8100,0%,0%,Low,11,209,1528,,,,,,8100,6600,6600,6600,6600,8100,6600,6600,8100,8100,9900,8100
power bi bootcamp,JPY,720,0%,-18%,High,69,113,1334,,,,,,720,720,880,720,590,880,720,480,880,590,590,590
power bi pricing,JPY,12100,0%,0%,Low,8,192,1261,,,,,,14800,12100,14800,12100,12100,12100,12100,9900,12100,12100,12100,12100
coursera power bi,JPY,2900,0%,21%,Medium,48,55,543,,,,,,2900,2900,3600,2900,2900,2900,2900,2400,3600,2900,2900,2900
power bi web,JPY,12100,0%,22%,Low,6,68,1237,,,,,,12100,9900,12100,9900,12100,12100,9900,9900,9900,12100,12100,12100
power bi udemy,JPY,6600,0%,0%,Medium,42,22,191,,,,,,6600,6600,8100,6600,6600,6600,5400,5400,6600,6600,6600,6600
power bi tool,JPY,4400,0%,-19%,Low,22,40,573,,,,,,5400,5400,5400,4400,4400,4400,4400,4400,5400,4400,5400,4400
power bi for beginners,JPY,2900,-17%,-17%,Medium,42,56,509,,,,,,3600,2900,2900,2900,2900,2400,2400,2400,2900,2900,2900,2400
microsoft business intelligence,JPY,18100,0%,-18%,Low,14,62,688,,,,,,22200,22200,22200,18100,18100,18100,18100,14800,18100,18100,18100,18100
power bi coursera,JPY,1900,-16%,0%,Medium,47,54,523,,,,,,1900,1900,1900,1900,1900,1600,1600,1600,1900,1900,1900,1600
excel power bi,JPY,3600,-19%,-19%,Low,28,33,273,,,,,,3600,3600,3600,3600,2900,3600,2900,2400,3600,3600,3600,2900
power bi cost,JPY,3600,22%,0%,Low,8,358,1261,,,,,,4400,4400,3600,3600,3600,3600,3600,2900,3600,3600,3600,4400
power b1,JPY,1300,0%,0%,Medium,37,54,844,,,,,,1300,1300,1300,1300,1300,1300,1300,880,1300,1300,1300,1300
power bi analytics,JPY,880,0%,-12%,Low,20,108,996,,,,,,1000,880,880,880,880,880,880,720,880,880,1000,880
power bi cloud,JPY,2400,0%,-17%,Low,8,156,1416,,,,,,2900,2400,2400,2400,2400,2400,2400,1900,1900,2400,2900,2400
microsoft power,JPY,6600,0%,0%,Low,4,72,524,,,,,,6600,6600,6600,5400,6600,6600,6600,5400,6600,6600,6600,6600
jira power bi,JPY,1300,0%,-19%,Low,18,289,1212,,,,,,1600,1300,1300,1000,1300,1300,1000,880,1000,1300,1300,1300
kursus power bi,JPY,1000,30%,48%,Medium,59,75,1249,,,,,,880,1300,1300,1000,1000,880,1000,720,1000,1000,1000,1300
power bi reporting,JPY,12100,0%,0%,Low,10,190,1514,,,,Y,,12100,12100,12100,12100,12100,12100,12100,9900,12100,12100,12100,12100
power business intelligence,JPY,2740000,0%,0%,Low,8,31,307,,,,,,2740000,2740000,2740000,2740000,2740000,2740000,2740000,2240000,2740000,2740000,2740000,2740000
tableau power bi,JPY,5400,0%,0%,Low,18,46,534,,,,,,5400,5400,5400,4400,4400,4400,4400,4400,5400,5400,6600,5400
azure power bi,JPY,1600,0%,-33%,Low,7,109,1076,,,,,,1900,1900,1900,1600,1900,1600,1300,1300,1600,1600,1600,1600
bi consulting,JPY,6600,0%,23%,Low,10,227,1211,,,,,,6600,5400,6600,5400,5400,5400,5400,4400,6600,8100,8100,8100
bi tableau,JPY,2900,24%,24%,Low,13,64,722,,,,,,2900,2900,2900,2400,2900,2900,2400,2400,2400,2900,3600,3600
google bi,JPY,2900,0%,-19%,Low,10,81,2429,,,,,,3600,3600,2900,2900,2900,2900,2900,2400,2900,2900,2900,2900
power bi com,JPY,9900,0%,0%,Low,5,66,431,,,,,,9900,9900,9900,9900,9900,9900,9900,8100,9900,9900,9900,9900
data science academy power bi,JPY,880,0%,-12%,Medium,53,34,147,,,,,,880,880,880,880,880,1000,880,590,1000,880,880,880
datacamp power bi,JPY,1300,-23%,0%,Low,24,45,598,,,,,,1300,1300,1300,1300,1000,1000,1000,880,1000,1300,4400,1000
edureka power bi,JPY,210,-35%,-58%,Medium,59,69,281,,,,,,210,260,260,320,260,210,260,210,210,170,170,110
powerbi microsoft,JPY,12100,0%,-18%,Low,16,46,419,,,,,,14800,14800,14800,12100,12100,12100,12100,9900,12100,12100,12100,12100
gartner power bi,JPY,390,-33%,-46%,Low,20,201,1155,,,,,,480,590,390,390,390,390,320,210,260,390,390,260
power bi office 365,JPY,1000,-12%,-32%,Low,15,69,604,,,,,,1000,1000,1000,880,1000,1000,1000,720,1000,1000,1000,880
ms bi,JPY,880,0%,-12%,Low,11,140,1547,,,,,,880,880,880,880,880,880,720,720,880,880,880,880
snowflake bi,JPY,480,0%,23%,Low,19,225,1029,,,,,,590,480,480,390,480,480,480,390,480,590,720,590
power bi financial dashboard,JPY,1300,-23%,0%,Low,26,228,1386,,,,,,1300,1300,1300,1000,1300,1300,1000,880,1300,1300,1300,1000
simplilearn power bi,JPY,480,-19%,50%,Low,26,50,258,,,,,,390,390,590,590,720,480,480,390,590,590,590,480
excel bi,JPY,2400,0%,-17%,Low,16,33,340,,,,,,2400,2400,2400,2400,2400,2400,1900,1900,2400,2400,2400,2400
power bi google analytics,JPY,1000,0%,-32%,Low,9,151,1383,,,,,,1300,1300,1000,1000,1000,1000,880,720,1000,880,1000,880
servicenow power bi,JPY,590,-34%,-56%,Low,18,433,1588,,,,,,720,720,590,590,480,480,390,390,480,590,480,390
hr dashboard power bi,JPY,1000,-12%,0%,Low,26,109,1156,,,,,,880,880,1000,1000,880,1000,880,720,880,1000,1000,880
jira to power bi,JPY,260,23%,0%,Low,15,433,1294,,,,,,320,210,260,210,260,260,210,170,260,260,320,320
microsoft 365 power bi,JPY,1000,0%,-23%,Low,19,65,696,,,,,,1300,1000,1000,880,1000,1000,880,880,1000,1000,1300,1000
power bi application,JPY,22200,0%,23%,Low,2,46,693,,,,,,22200,18100,22200,18100,18100,22200,18100,18100,22200,22200,22200,22200
best bi tool,JPY,2400,-17%,0%,Low,23,306,3608,,,,,,2400,1900,2400,1900,1900,2400,2400,2400,2400,2900,2900,2400
hubspot power bi,JPY,320,0%,50%,Low,15,307,1958,,,,,,320,390,260,260,320,320,320,210,320,480,480,480
power bi predictive analytics,JPY,480,23%,-45%,Low,17,237,1931,,,,,,590,480,480,480,390,390,390,390,480,390,590,480
power bi and tableau,JPY,5400,0%,0%,Low,18,46,534,,,,,,5400,5400,5400,4400,4400,4400,4400,4400,5400,5400,6600,5400
bi services,JPY,1900,0%,26%,Low,4,173,1559,,,,,,1600,1600,1600,1600,1600,1600,1900,1600,2400,2400,2400,2400
power bi platform,JPY,590,-19%,-19%,Low,19,177,1241,,,,,,720,590,590,590,590,590,590,390,480,590,590,480
power bi for project management,JPY,880,0%,0%,Low,26,181,1065,,,,,,1000,880,880,720,880,880,720,720,880,880,720,880
microsoft power bi cost,JPY,880,0%,-12%,Low,12,354,1525,,,,,,1300,880,880,880,880,880,880,720,880,880,1000,880
power bi financial reporting,JPY,390,0%,22%,Low,28,149,1434,,,,,,480,320,320,320,390,320,320,260,390,390,480,390
power bi project management,JPY,880,0%,0%,Low,26,181,1065,,,,,,1000,880,880,720,880,880,720,720,880,880,720,880
microsoft bi tool,JPY,1900,-16%,0%,Low,13,169,1243,,,,,,1600,1600,1600,1600,1600,1600,1300,1300,1900,1900,3600,1600
azure bi,JPY,480,0%,-19%,Low,10,249,1251,,,,,,590,480,480,480,390,480,480,320,390,480,480,480
power bi hubspot,JPY,210,-19%,-19%,Low,14,270,1778,,,,,,210,210,210,210,210,210,170,170,260,260,210,210
business central power bi,JPY,260,-19%,0%,Low,24,329,1735,,,,,,260,210,210,210,210,260,260,210,260,320,320,260
power bi for students,JPY,590,0%,0%,Low,4,52,645,,,,,,590,590,590,590,590,590,480,390,590,480,590,480
power bi business intelligence,JPY,5400,0%,0%,Low,14,31,329,,,,,,6600,5400,5400,5400,5400,5400,5400,4400,5400,5400,6600,5400
google power bi,JPY,1300,0%,0%,Low,11,43,642,,,,,,1300,1300,1300,1300,1300,1300,1000,1000,1300,1300,1300,1300
data analytics power bi,JPY,1000,14%,0%,Low,33,61,598,,,,,,1000,1000,1000,880,880,1000,1000,880,1000,880,1000,1000
sales dashboard power bi,JPY,1600,0%,0%,Low,18,169,1313,,,,,,1900,1600,1600,1600,1600,1600,1300,1300,1300,1600,1600,1600
aws power bi,JPY,1000,0%,-38%,Low,6,108,1005,,,,,,1600,1300,1300,1000,1000,1000,1000,880,1000,1000,1000,1000
power bi simplilearn,JPY,260,-19%,0%,Low,20,47,151,,,,,,210,210,720,590,210,140,170,170,210,260,260,210
using power bi,JPY,2900,0%,0%,Low,7,56,514,,,,,,2900,3600,3600,3600,2900,2900,2900,2400,2900,2900,2900,2900
bi as a service,JPY,480,0%,125%,Low,10,176,1571,,,,,,320,260,210,320,260,210,210,210,320,720,1300,720
power bi business central,JPY,320,-18%,23%,Low,17,312,1075,,,,,,260,260,210,210,260,260,320,260,320,390,480,320
power bi hr dashboard,JPY,590,-18%,0%,Low,23,160,1158,,,,,,720,590,590,590,590,590,590,390,720,720,720,590
power bi for macbook,JPY,27100,-18%,-18%,Low,4,130,2347,,,,,,27100,27100,27100,27100,27100,27100,27100,22200,27100,27100,27100,22200
power bi website,JPY,12100,0%,22%,Low,6,68,1237,,,,,,12100,9900,12100,9900,12100,12100,9900,9900,9900,12100,12100,12100
power bi sql,JPY,1900,0%,0%,Low,16,48,486,,,,,,2400,1900,1900,1600,1600,1600,1900,1600,1600,1900,1900,1900
power bi reporting tool,JPY,170,0%,50%,Low,21,121,691,,,,,,170,170,320,210,140,140,140,110,140,210,210,210
microsoft power bi pricing,JPY,880,0%,-12%,Low,12,354,1525,,,,,,1300,880,880,880,880,880,880,720,880,880,1000,880
arcgis for power bi,JPY,880,14%,39%,Low,2,56,1172,,,,,,880,720,880,720,720,1000,880,720,880,880,1000,1000
google bi tool,JPY,720,0%,0%,Low,7,241,1911,,,,,,720,720,720,720,720,720,720,590,880,720,880,720
power bi beginner,JPY,2900,-17%,-17%,Medium,42,56,509,,,,,,3600,2900,2900,2900,2900,2400,2400,2400,2900,2900,2900,2400
salesforce bi,JPY,480,-33%,-33%,Low,18,315,1414,,,,,,480,480,480,390,390,390,320,320,390,480,1000,320
office power bi,JPY,320,0%,-18%,Low,19,42,343,,,,,,390,320,320,320,320,390,320,210,320,320,390,320
power bi 365,JPY,880,0%,0%,Low,6,66,621,,,,,,880,880,880,720,720,720,720,590,720,880,880,880
sap power bi,JPY,590,0%,-18%,Low,16,65,648,,,,,,720,720,720,590,720,590,590,480,590,590,590,590
power bi data warehouse,JPY,390,0%,-33%,Low,12,280,1443,,,,,,480,480,390,390,390,480,390,320,390,320,480,320
www powerbi,JPY,260,24%,-19%,Low,10,31,252,,,,,,210,260,320,320,260,320,320,170,210,170,210,210
pl300 power bi,JPY,1300,0%,0%,Medium,39,50,400,,,,,,1300,1600,1600,1300,1600,1300,1000,1000,1600,1300,1300,1300
power bi cloud service,JPY,260,-19%,-46%,Low,17,153,996,,,,,,320,260,320,260,260,260,210,210,210,260,260,210
power bi program,JPY,480,-19%,0%,Low,29,62,608,,,,,,480,390,480,480,480,480,390,390,480,590,480,480
microsoft data analysis,JPY,480,-19%,-19%,Low,20,48,553,,,,,,590,590,390,480,480,480,480,390,590,590,590,480
power bi data,JPY,1600,0%,-16%,Low,10,85,847,,,,,,1900,1600,1900,1600,1600,1600,1600,1300,1600,1600,1900,1600
w3schools power bi,JPY,1000,-23%,14%,Low,11,37,433,,,,,,1000,1300,1600,1300,1000,1000,1000,1000,1000,1300,1300,1000
power bi professional,JPY,18100,0%,0%,Low,10,56,469,,,,,,18100,18100,18100,14800,18100,18100,14800,12100,18100,18100,18100,18100
power bi what is it,JPY,1000,-23%,14%,Low,8,42,358,,,,,,1000,880,880,880,880,1000,880,880,1000,1300,1300,1000
power bi project,JPY,6600,0%,-18%,Low,10,25,404,,,,,,6600,6600,6600,6600,6600,5400,5400,5400,6600,5400,6600,5400
bi data,JPY,1900,19%,0%,Low,6,65,909,,,,,,1900,1900,1900,1900,1900,1600,1600,1600,1900,1600,1900,1900
power bi interactive dashboard,JPY,590,-18%,-18%,Low,14,97,719,,,,,,720,590,720,720,720,590,590,480,590,720,720,590
power bi i,JPY,480,-19%,-19%,Low,28,45,338,,,,,,480,480,480,480,590,590,590,390,590,590,480,480
power bi mongodb,JPY,480,0%,-46%,Low,13,216,1158,,,,,,590,590,590,480,480,590,480,320,390,390,390,390
pragmatic works power bi,JPY,260,0%,24%,Low,29,213,975,,,,,,210,210,260,320,320,260,210,210,260,260,260,260
bi qlik,JPY,210,0%,-19%,Low,19,68,634,,,,,,170,210,210,170,210,210,170,140,170,210,210,210
power bi inventory dashboard,JPY,260,0%,23%,Low,14,161,3240,,,,,,320,260,320,260,260,260,260,170,260,320,390,320
microsoft bi stack,JPY,320,-34%,-56%,Low,8,238,1149,,,,,,390,320,320,320,320,320,260,210,260,320,320,210
advanced power bi,JPY,480,-19%,-34%,Medium,35,56,505,,,,,,720,590,590,590,480,480,480,390,480,480,480,390
microsoft power bi service,JPY,390,0%,-19%,Low,9,128,2598,,,,,,390,390,590,390,390,320,390,390,390,390,480,390
salesforce power bi,JPY,390,0%,-19%,Low,15,301,1261,,,,,,480,480,480,390,390,390,390,390,390,390,390,390
power bi solutions,JPY,390,23%,23%,Low,14,90,1327,,,,,,480,390,390,390,260,260,210,390,590,480,480,590
sql and power bi,JPY,390,-18%,-18%,Medium,36,77,658,,,,,,480,390,480,390,390,320,320,260,320,390,390,320
power bi visualizations,JPY,3600,0%,-18%,Low,6,116,589,,,,,,4400,4400,4400,3600,3600,3600,3600,2900,3600,3600,4400,3600
lokesh lalwani power bi,JPY,140,29%,-57%,Low,23,40,107,,,,,,210,210,260,140,90,90,70,110,140,70,90,90
power bi azure devops,JPY,260,-19%,-46%,Low,8,241,1336,,,,,,390,320,320,260,260,320,260,210,260,260,260,210
microsoft power bi for dummies,JPY,170,24%,53%,Medium,47,72,490,,,,,,170,170,140,140,170,140,170,170,170,210,210,260
power bi data analysis,JPY,1000,14%,0%,Low,33,61,598,,,,,,1000,1000,1000,880,880,1000,1000,880,1000,880,1000,1000
power bi on aws,JPY,1000,0%,-38%,Low,6,108,1005,,,,,,1600,1300,1300,1000,1000,1000,1000,880,1000,1000,1000,1000
snowflake power bi,JPY,720,0%,-18%,Low,6,296,1375,,,,,,880,720,720,720,720,720,720,590,720,720,720,720
mongodb power bi,JPY,210,-33%,-56%,Low,12,240,1185,,,,,,260,260,260,210,210,210,170,170,140,210,170,140
power bi what is,JPY,74000,0%,0%,Low,7,28,443,,,,,,74000,90500,90500,74000,74000,74000,60500,60500,74000,74000,74000,74000
power bi project dashboard,JPY,320,-18%,0%,Low,13,153,619,,,,,,320,320,320,260,320,320,260,260,260,390,320,320
microsoft power b,JPY,260,0%,-19%,Low,23,91,1046,,,,,,260,260,210,210,260,260,260,210,260,210,260,210
excel business intelligence,JPY,2400,0%,-17%,Low,16,33,340,,,,,,2400,2400,2400,2400,2400,2400,1900,1900,2400,2400,2400,2400
bi cloud,JPY,2400,24%,50%,Low,9,48,690,,,,,,1900,1900,1600,1900,1900,1900,1900,1900,2900,2900,3600,3600
windows power bi,JPY,260,24%,0%,Low,9,56,434,,,,,,260,260,260,210,210,260,210,170,210,210,320,260
power bi datacamp,JPY,390,-19%,0%,Low,22,40,611,,,,,,320,320,320,320,320,260,260,260,320,320,1300,260
azure cost management power bi,JPY,210,-18%,-46%,Low,16,561,2188,,,,,,260,210,260,170,170,210,210,170,210,170,210,140
data science power bi,JPY,210,0%,-19%,Medium,48,64,395,,,,,,260,260,260,210,210,210,170,170,210,170,170,170
powerpoint bi,JPY,480,23%,0%,Low,19,32,473,,,,,,480,480,480,390,480,480,390,390,390,390,390,480
microsoft power business intelligence,JPY,110000,0%,0%,Low,12,40,450,,,,,,110000,135000,110000,110000,110000,110000,110000,90500,135000,110000,135000,110000
powerbi tool,JPY,4400,0%,-19%,Low,22,40,573,,,,,,5400,5400,5400,4400,4400,4400,4400,4400,5400,4400,5400,4400
oracle power bi,JPY,720,0%,-33%,Low,8,152,3188,,,,,,880,720,720,720,720,720,590,480,480,590,720,590
microsoft office power bi,JPY,480,0%,0%,Low,28,35,389,,,,,,590,480,480,480,480,480,390,390,480,480,480,480
looker tableau,JPY,260,50%,50%,Low,9,115,1113,,,,,,320,320,320,320,260,260,210,170,260,260,320,390
power bi on premise,JPY,1300,0%,-19%,Low,6,93,1876,,,,,,1600,1600,1600,1300,1300,1600,1300,1000,1300,1300,1600,1300
microsoft power bi dashboard,JPY,720,-63%,0%,Low,13,91,1017,,,,,,590,480,590,480,590,720,720,590,1000,1600,1000,590
power bi pl300,JPY,1900,0%,0%,Medium,37,65,561,,,,,,1900,1900,1900,1900,1900,1900,1600,1600,2400,1900,2400,1900
power bi 101,JPY,390,22%,0%,Low,31,99,580,,,,,,480,390,320,320,320,390,320,320,320,320,390,390
bi analysis,JPY,320,-19%,-33%,Low,17,140,990,,,,,,390,320,320,260,320,390,320,260,320,320,320,260
introducing microsoft power bi,JPY,210,0%,-19%,Low,29,55,397,,,,,,260,260,210,210,210,210,170,170,170,170,210,170
power bi enterprise,JPY,480,-19%,-19%,Low,10,126,1136,,,,,,590,480,480,480,480,390,390,320,390,480,480,390
power bi and excel,JPY,4400,0%,-19%,Low,15,43,408,,,,,,5400,5400,5400,4400,4400,4400,4400,3600,4400,4400,4400,4400
power bi statistical analysis,JPY,140,0%,-21%,Low,14,205,816,,,,,,140,140,110,140,170,140,140,90,110,110,140,110
power bi azure cost management,JPY,140,0%,-18%,Low,23,629,1983,,,,,,170,170,170,140,110,140,110,140,140,140,170,140
codebasics power bi,JPY,320,0%,0%,Medium,34,31,115,,,,,,320,390,480,390,390,260,260,260,320,260,320,260
power bi self service,JPY,260,-19%,-34%,Low,5,196,818,,,,,,320,320,210,260,260,320,260,140,260,260,320,210
power bi and sql,JPY,1900,0%,0%,Low,16,48,486,,,,,,2400,1900,1900,1600,1600,1600,1900,1600,1600,1900,1900,1900
power bi microsoft com,JPY,3600,0%,24%,Low,8,118,1107,,,,,,2900,3600,4400,3600,3600,3600,3600,2900,4400,3600,3600,3600
arcgis power bi,JPY,1000,-23%,-23%,Low,2,120,1479,,,,,,1300,1000,1000,1000,1000,1300,1000,880,1000,1300,1300,1000
power bi analysis services,JPY,480,-19%,-89%,Low,10,304,1761,,,,,,2400,320,390,320,320,320,260,260,260,320,320,260
power bi sentiment analysis,JPY,210,-19%,-35%,Low,4,286,919,,,,,,320,260,260,210,210,210,210,140,170,210,170,170
power bi snowflake,JPY,720,-18%,-18%,Low,7,310,1443,,,,,,720,720,720,590,590,720,590,480,590,720,720,590
azure devops power bi,JPY,320,23%,-18%,Low,7,219,1324,,,,,,390,320,390,320,320,260,260,260,320,260,320,320
bi it,JPY,135000,-19%,-33%,Low,16,65,635,,,,,,165000,135000,135000,135000,135000,135000,135000,110000,135000,135000,135000,110000
dynamics 365 power bi,JPY,480,-19%,-33%,Low,12,171,1257,,,,,,590,480,590,480,480,590,390,390,480,590,590,480
leonardo karpinski,JPY,590,0%,-33%,Low,19,25,123,,,,,,880,720,720,720,720,720,590,390,480,480,390,480
power bi devops,JPY,210,-33%,-56%,Low,7,113,1119,,,,,,260,260,210,210,210,260,170,140,210,210,210,140
data analysis power bi,JPY,260,-19%,0%,Medium,36,49,392,,,,,,260,260,320,260,260,210,210,170,260,260,210,210
sharepoint power bi,JPY,720,0%,-18%,Low,3,7,577,,,,,,880,880,720,720,720,720,590,590,590,720,720,720
powerbiservice,JPY,60500,-18%,22%,Low,5,132,3689,,,,,,60500,49500,60500,60500,60500,60500,60500,49500,74000,74000,74000,60500
teams power bi,JPY,390,22%,-34%,Low,6,95,471,,,,,,480,480,390,320,390,390,390,320,320,320,390,390
bi expert,JPY,480,0%,-19%,Low,9,89,800,,,,,,590,720,590,480,480,480,590,390,390,480,480,480
power bi w3schools,JPY,1000,-23%,14%,Low,5,31,344,,,,,,1000,1000,1300,1300,1000,880,1000,1300,1300,1300,1300,1000
appsource power bi,JPY,320,0%,0%,Low,5,59,703,,,,,,320,320,320,260,260,320,260,320,320,320,320,320
odoo power bi,JPY,260,-19%,-34%,Low,13,87,789,,,,,,390,320,320,260,260,320,260,210,210,260,320,210
power bi data science academy,JPY,210,24%,0%,Medium,46,32,130,,,,,,260,210,210,260,210,260,210,170,210,210,260,260
power bi web service,JPY,480,23%,23%,Low,7,209,1443,,,,,,480,390,390,390,390,590,390,320,480,390,480,480
best power bi dashboard,JPY,1300,0%,0%,Low,14,172,689,,,,,,1600,1300,1300,1300,1600,1300,1300,1000,1300,1300,1600,1300
power bi teams,JPY,590,0%,-33%,Low,4,158,1044,,,,,,720,720,590,480,480,590,480,390,480,480,590,480
powerbionline,JPY,140,0%,0%,Low,3,67,667,,,,,,140,140,170,140,140,170,140,110,140,140,140,140
leila gharani power bi,JPY,140,56%,-18%,Low,18,85,600,,,,,,140,170,170,140,170,110,90,110,110,90,110,140
power bi google sheets,JPY,720,0%,-18%,Low,7,5,496,,,,,,720,720,720,720,720,720,590,480,720,590,720,590
power bi data science,JPY,170,27%,-18%,Low,32,64,429,,,,,,210,170,170,170,170,140,110,110,170,110,140,140
power bi for data analytics,JPY,70,0%,-22%,Low,32,56,628,,,,,,110,70,90,70,70,70,70,50,70,70,90,70
bi sql,JPY,390,23%,23%,Low,10,113,867,,,,,,390,320,320,480,390,390,320,320,320,390,480,480
power bi in powerpoint,JPY,1600,0%,-33%,Low,3,88,1100,,,,,,1900,1900,1900,1600,1600,1900,1600,1300,1600,1600,1600,1600
pl300 microsoft,JPY,1600,0%,0%,Low,24,43,413,,,,,,1900,1600,1900,1600,1600,1600,1600,1300,1600,1600,1600,1600
zebra power bi,JPY,320,-19%,-19%,Low,6,23,1003,,,,,,390,260,320,260,260,320,260,210,260,320,390,260
avi singh power bi,JPY,140,-18%,56%,Low,20,46,424,,,,,,90,110,110,70,110,90,90,260,210,170,140,140
beautiful power bi dashboard,JPY,480,0%,23%,Low,7,183,774,,,,Y,,590,480,480,590,590,590,480,480,480,590,590,590
power bi appsource,JPY,210,24%,0%,Low,2,39,271,,,,,,210,260,260,170,210,260,210,210,210,210,260,260
power bi analysis,JPY,320,0%,-18%,Low,20,56,543,,,,,,390,390,320,320,390,390,320,320,320,320,390,320
power bi macos,JPY,1600,-16%,-16%,Low,3,55,494,,,,,,1900,1600,1600,1600,1600,1900,1600,1300,1600,1900,1900,1600
powerbilogin,JPY,135000,0%,-18%,Low,0,33,255,,,,,,165000,165000,165000,135000,135000,165000,135000,135000,135000,135000,135000,135000
data analysis in power bi,JPY,170,0%,-18%,Low,20,35,267,,,,,,210,210,320,170,110,140,140,170,170,140,210,140
mastering microsoft power bi,JPY,210,-33%,-33%,High,69,42,547,,,,,,210,260,210,210,210,170,170,210,210,210,170,140
databricks power bi,JPY,480,50%,22%,Low,6,235,2067,,,,,,480,590,590,390,480,590,480,390,390,480,590,720
analysis services power bi,JPY,480,-19%,-89%,Low,10,304,1761,,,,,,2400,320,390,320,320,320,260,260,260,320,320,260
power bi powerpoint,JPY,1600,0%,-33%,Low,3,88,1100,,,,,,1900,1900,1900,1600,1600,1900,1600,1300,1600,1600,1600,1600
power bi databricks,JPY,390,23%,0%,Low,5,266,2057,,,,,,480,480,390,390,480,480,390,260,390,390,390,480
use of power bi,JPY,1000,0%,-12%,Low,6,24,352,,,,,,1000,1000,1300,1000,1000,880,880,880,1000,880,880,880
powerbi tutorialspoint,JPY,260,0%,-34%,Low,4,23,107,,,,,,390,320,320,260,260,260,260,210,320,210,260,210
sentiment analysis power bi,JPY,170,0%,-46%,Low,1,393,697,,,,,,210,260,210,170,210,210,140,140,140,140,170,140
power bi reporting services,JPY,320,0%,-33%,Low,17,163,3241,,,,,,390,320,320,320,390,320,260,210,260,260,320,260
enterprisedna,JPY,2400,-21%,-34%,Low,15,36,163,,,,,,2900,2400,2400,2400,2400,2400,2400,1900,1900,2400,2400,1900
power bi sap hana,JPY,210,23%,52%,Low,6,227,935,,,,,,260,210,170,170,140,140,140,110,140,260,480,320
power bi postgresql,JPY,1000,0%,-32%,Low,3,60,792,,,,,,1300,1300,1000,1000,1000,1000,1000,880,880,880,1000,880
power bi and sharepoint,JPY,1600,0%,-16%,Low,3,78,597,,,,,,1900,1900,1900,1600,1600,1600,1600,1300,1300,1600,1600,1600
power bi mysql,JPY,720,0%,-28%,Low,3,51,514,,,,,,1000,880,880,880,720,880,720,720,720,720,720,720
power bi publisher for excel,JPY,210,-19%,0%,Low,5,188,955,,,,,,210,210,260,210,210,260,260,210,210,210,260,170
azure synapse power bi,JPY,50,25%,-44%,Low,1,,,,,,,,90,70,70,50,50,70,50,40,50,40,70,50
powerbiapp,JPY,22200,0%,23%,Low,2,46,693,,,,,,22200,18100,22200,18100,18100,22200,18100,18100,22200,22200,22200,22200
sql in power bi,JPY,480,-19%,-34%,Low,4,35,400,,,,,,590,480,480,480,390,480,390,320,390,480,390,390
power bi big data,JPY,320,0%,0%,Low,12,58,472,,,,,,390,320,320,320,320,320,260,210,210,320,390,320
bi finance,JPY,2900,0%,89%,Low,7,49,837,,,,,,1900,2400,1900,2400,2400,2400,2900,3600,4400,3600,3600,3600
tableau to power bi migration,JPY,390,0%,0%,Low,16,180,1443,,,,,,480,390,390,390,480,390,390,390,390,390,480,390
power bi 2022,JPY,30,100%,-20%,Low,3,,,,,,,,40,40,40,30,30,40,40,20,20,20,30,40
hashtag power bi,JPY,170,-35%,-48%,Low,30,27,127,,,,,,210,210,210,170,210,140,170,90,170,170,170,110
power bi in teams,JPY,260,-19%,-46%,Low,5,187,787,,,,,,320,260,320,260,260,260,260,170,210,260,260,210
docs microsoft com power bi,JPY,90,0%,-18%,Low,3,42,377,,,,,,110,70,50,70,70,90,50,70,90,90,90,90
power bi leonardo karpinski,JPY,70,-20%,-64%,Medium,43,38,130,,,,,,90,70,70,50,70,90,40,40,50,50,50,40
ssas power bi,JPY,170,27%,-46%,Low,5,91,745,,,,,,210,260,170,170,170,170,110,140,170,110,170,140
web scraping power bi,JPY,70,0%,-64%,Low,10,23,482,,,,,,110,90,90,70,70,70,50,30,40,40,40,40
and power bi,JPY,2740000,0%,0%,Low,8,31,307,,,,,,2740000,2740000,2740000,2740000,2740000,2740000,2740000,2240000,2740000,2740000,2740000,2740000
power bi planner,JPY,1000,0%,0%,Low,7,148,764,,,,,,1000,1000,1000,880,1000,1000,1000,880,1000,1000,1000,1000
power bi arcgis,JPY,480,-19%,-34%,Low,1,87,410,,,,,,590,480,480,390,390,480,390,320,390,480,480,390
pavan lalwani power bi,JPY,390,-19%,-56%,Low,11,27,250,,,,,,590,480,390,480,590,480,260,260,390,320,260,260
leonardo karpinski power bi,JPY,70,-29%,-44%,Medium,52,41,159,,,,,,90,90,90,70,50,50,70,70,70,70,50,50
power bi apple,JPY,320,0%,0%,Low,2,74,1316,,,,,,320,320,320,260,320,320,260,260,320,320,390,320
deneb power bi,JPY,1300,23%,0%,Low,3,61,443,,,,Y,,1600,1600,1300,1300,1300,1600,1300,1300,1600,1300,1600,1600
power bi is,JPY,210,-35%,-35%,Low,8,42,292,,,,,,260,260,260,210,260,210,210,170,260,260,210,170
power pivot in power bi,JPY,1300,-23%,-38%,Low,1,29,244,,,,,,1600,1600,1600,1600,1300,1300,1300,1000,1300,1300,1300,1000
odata feed power bi,JPY,110,0%,-48%,Low,2,,,,,,,,140,110,110,110,110,110,90,90,140,110,110,110
inforiver power bi,JPY,170,0%,-35%,Low,21,304,1881,,,,,,210,170,140,140,170,260,210,170,170,170,210,170
sales dashboard in power bi,JPY,480,23%,23%,Low,4,61,658,,,,,,480,590,590,590,480,480,480,480,480,480,590,590
alteryx power bi,JPY,210,-19%,-35%,Low,14,187,2009,,,,,,320,210,260,260,260,260,170,170,170,210,260,170
biapps,JPY,480,-19%,-46%,Low,15,167,1477,,,,,,720,590,590,480,480,590,480,390,480,480,480,390
power bi 32 bits,JPY,390,-18%,-18%,Low,1,,,,,,,,480,320,390,390,320,390,320,260,320,390,320,320
power bi windows 7,JPY,390,-18%,-33%,Low,1,,,,,,,,480,480,480,480,390,320,320,260,320,390,390,320
adventure works power bi,JPY,260,-19%,-34%,Low,2,74,937,,,,,,390,390,260,320,260,260,260,210,210,260,260,210
powerbi experience,JPY,480,0%,-34%,Low,31,42,289,,,,,,590,480,590,590,480,480,390,320,390,390,390,390
bi is,JPY,320,23%,0%,Low,1,16,577,,,,,,320,320,320,320,260,320,320,260,260,260,320,320
power bi elasticsearch,JPY,140,0%,-35%,Low,3,,,,,,,,170,170,140,110,140,170,140,110,140,110,170,110
get data power bi,JPY,480,0%,-19%,Low,3,177,559,,,,,,590,590,590,390,590,590,480,390,480,480,590,480
power on power bi,JPY,260,-19%,-19%,Low,22,196,1058,,,,,,260,260,260,210,390,390,390,210,320,260,210,210
planner power bi,JPY,210,0%,0%,Low,3,101,491,,,,,,260,210,210,140,140,170,170,140,210,210,210,210
power bi docs,JPY,480,0%,-19%,Low,1,36,257,,,,,,590,590,720,480,480,480,480,390,390,480,480,480
power pivot power bi,JPY,260,-34%,-46%,Low,6,62,576,,,,,,320,320,260,210,260,260,210,210,260,320,320,210
power bi bigquery,JPY,480,0%,-33%,Low,4,118,2101,,,,,,590,590,590,480,590,590,480,390,480,480,480,480
power bi ipad,JPY,390,0%,-18%,Low,1,,,,,,,,480,480,480,390,390,390,390,320,320,320,390,320
in power bi,JPY,720,0%,-18%,Low,2,45,399,,,,,,880,720,720,720,590,590,590,590,720,720,880,720
power bi get data,JPY,480,0%,-19%,Low,3,177,559,,,,,,590,590,590,390,590,590,480,390,480,480,590,480
supercharge power bi,JPY,210,0%,-35%,Medium,43,29,333,,,,,,210,210,170,210,210,170,260,140,170,170,210,170
power bi portable,JPY,260,-19%,-46%,Low,2,29,359,,,,,,390,390,320,260,260,260,260,170,210,260,260,210
web bi,JPY,2900,-34%,0%,Low,1,66,607,,,,,,1600,1600,1600,1900,2900,2400,1900,1900,1900,2900,12100,1900
synoptic power bi,JPY,170,-35%,-48%,Low,5,60,721,,,,,,210,170,170,140,170,210,170,140,140,170,210,110
synapse power bi,JPY,70,0%,-50%,Low,3,112,1240,,,,,,90,90,90,90,90,90,50,50,70,70,90,70
power bi view,JPY,1600,0%,-16%,Low,3,68,481,,,,,,1900,1900,1600,1600,1600,1600,1600,1000,1600,1600,1600,1600
tutorialspoint power bi,JPY,170,0%,24%,Low,6,30,75,,,,,,170,170,170,170,170,170,140,140,140,210,170,210
power bi with sql,JPY,170,0%,-18%,Low,29,40,537,,,,,,210,170,210,140,110,140,170,140,140,140,170,140
power bi powershell,JPY,260,-34%,-56%,Low,1,29,82,,,,,,480,320,320,320,260,260,260,210,210,320,320,210
sharepoint to power bi,JPY,170,-18%,-46%,Low,1,,,,,,,,210,210,210,170,170,170,170,140,140,170,170,140
power bi outlook,JPY,140,-18%,-33%,Low,1,,,,,,,,210,170,170,170,140,170,140,140,110,170,140,140
power bi get data from sharepoint,JPY,110,0%,-47%,Low,1,,,,,,,,140,170,140,140,110,140,110,90,110,90,110,90
github power bi,JPY,590,0%,-33%,Low,2,50,232,,,,,,720,590,720,590,720,720,720,590,590,590,590,590
workout wednesday power bi,JPY,260,-33%,-56%,Low,0,,,,,,,,320,320,320,260,320,260,260,260,260,210,260,140
70 778,JPY,40,0%,-20%,Low,2,,,,,,,,40,50,40,30,40,40,20,30,40,40,40,40
bi 0,JPY,140,0%,0%,Low,18,,,,,,,,170,140,110,140,140,170,140,110,110,140,170,140
bi by,JPY,320,0%,-19%,Low,11,8,225,,,,,,320,320,320,260,260,320,260,260,320,260,320,260
bi on,JPY,720,-18%,-33%,Low,2,13,113,,,,,,480,880,480,590,390,590,590,3600,480,390,390,320
bi r bi,JPY,10,0%,0%,Low,24,,,,,,,,10,10,10,10,10,10,10,10,10,10,10,10
bi sales,JPY,170,0%,0%,Low,10,29,1025,,,,,,210,140,210,170,140,210,170,210,140,170,170,170
bi to,JPY,720,22%,22%,Low,0,,,,,,,,720,720,720,720,590,720,720,880,880,590,720,720
excel power view,JPY,1000,-18%,-45%,Low,1,24,168,,,,,,1300,1000,1000,1000,1000,1000,1000,720,1000,880,880,720
google sheets power bi,JPY,210,-19%,-35%,Low,8,5,256,,,,,,260,210,260,210,210,210,210,210,210,210,210,170
guyinacube,JPY,2400,0%,-17%,Low,0,,,,,,,,2400,2400,2400,1900,2400,2400,2400,1900,2400,2400,2400,2400
intellisense power bi,JPY,20,-50%,-67%,Low,5,,,,,,,,30,20,30,10,20,10,10,10,20,20,30,10
locking conflicts power bi,JPY,110,0%,-22%,Low,0,,,,,,,,70,110,140,140,110,140,110,90,90,70,90,70
mapbox power bi,JPY,260,53%,-19%,Low,4,85,1129,,,,,,320,260,260,210,260,320,260,210,210,170,320,260
microsoft power pivot,JPY,33100,0%,-18%,Low,2,16,150,,,,,,40500,40500,40500,33100,33100,40500,33100,27100,33100,33100,40500,33100
mpez power bi,JPY,2400,-45%,60%,Low,0,,,,,,,,1300,1600,1900,2400,2400,1900,2400,2400,2900,2900,2900,1600
odata power bi,JPY,390,-33%,-33%,Low,2,114,1108,,,,,,390,390,390,390,390,390,390,260,390,480,390,320
ols power bi,JPY,210,24%,-34%,Low,1,,,,,,,,210,210,210,170,170,210,210,140,210,170,210,210
patrick leblanc power bi,JPY,260,127%,127%,Low,2,88,2967,,,,,,210,210,170,140,210,210,260,320,480,260,320,590
pbidesktopsetup_x64,JPY,170,0%,0%,Low,1,157,421,,,,,,210,170,170,170,170,170,170,140,140,170,170,170
postgresql power bi,JPY,1000,0%,-32%,Low,3,60,792,,,,,,1300,1300,1000,1000,1000,1000,1000,880,880,880,1000,880
power bi and,JPY,320,-19%,-56%,Low,3,78,1154,,,,,,390,390,320,320,320,320,260,210,260,260,260,210
power bi angular,JPY,260,0%,-56%,Low,4,101,458,,,,,,390,320,260,260,210,210,210,140,210,170,210,170
power bi athena,JPY,170,0%,-19%,Low,1,,,,,,,,260,170,170,170,170,170,170,140,140,170,170,170
power bi docker,JPY,260,0%,-19%,Low,1,,,,,,,,260,260,210,260,260,260,260,210,210,210,210,210
power bi for windows 7,JPY,390,-18%,-33%,Low,1,,,,,,,,480,480,480,480,390,320,320,260,320,390,390,320
power bi github,JPY,880,0%,-32%,Low,1,90,625,,,,,,1300,1000,1000,1000,880,1000,880,720,880,880,880,880
power bi in,JPY,320,0%,-18%,Low,4,53,452,,,,,,390,390,390,390,390,390,320,260,260,320,320,320
power bi in asp net,JPY,30,-94%,0%,Low,0,,,,,,,,20,20,10,10,10,10,10,10,10,170,110,10
power bi january 2022,JPY,10,0%,-50%,Low,0,,,,,,,,10,10,10,10,10,10,10,0,10,10,10,10
power bi list,JPY,320,24%,-33%,Low,1,,,,,,,,390,320,320,260,320,320,260,260,260,210,260,260
power bi may 2022,JPY,10,0%,0%,Low,0,,,,,,,,10,10,10,10,10,10,10,10,10,10,10,10
power bi microsoft docs,JPY,20,100%,-33%,Low,0,,,,,,,,30,20,10,20,10,10,10,10,10,10,30,20
power bi oauth2,JPY,140,0%,-35%,Low,1,,,,,,,,210,170,170,110,140,140,110,90,90,110,140,110
power bi onedrive,JPY,260,0%,-33%,Low,1,33,102,,,,,,320,260,320,260,320,320,260,210,260,260,260,260
power bi parquet,JPY,210,0%,-35%,Low,1,,,,,,,,320,210,210,210,210,260,170,140,170,170,210,170
power bi r,JPY,880,0%,-28%,Low,4,101,675,,,,,,1000,880,880,880,880,880,720,590,720,720,720,720
power bi react,JPY,260,23%,-18%,Low,1,78,515,,,,,,390,320,320,320,320,320,260,170,260,260,260,320
power bi reddit,JPY,880,0%,14%,Low,0,,,,,,,,880,880,880,880,880,880,720,720,880,1000,1000,1000
power bi redshift,JPY,210,-19%,-35%,Low,2,234,863,,,,,,210,260,260,210,170,210,170,140,170,210,170,170
power bi rolling 12 months,JPY,110,-36%,-59%,Low,0,,,,,,,,140,140,110,90,90,90,110,90,90,110,90,70
power bi september 2022,JPY,10,0%,0%,Low,0,,,,,,,,10,10,10,10,10,10,10,10,10,10,10,10
power bi sharepoint excel,JPY,260,0%,-34%,Low,1,,,,,,,,320,260,260,260,210,260,210,210,210,210,260,210
power bi sharepoint list,JPY,480,23%,-19%,Low,1,,,,,,,,720,590,480,480,390,480,480,320,480,390,480,480
power bi sqlite,JPY,390,0%,-19%,Low,1,,,,,,,,480,480,390,320,390,390,390,320,390,390,480,390
power bi stand for,JPY,880,0%,0%,Low,0,,,,,,,,1000,1000,1000,1000,1000,880,880,880,880,880,880,880
power bi ubuntu,JPY,320,0%,-33%,Low,1,37,144,,,,,,480,320,320,320,320,390,320,260,260,320,320,320
power bi webview2,JPY,70,-43%,-64%,Low,0,,,,,,,,90,110,90,70,70,70,90,50,50,70,50,40
power in sql,JPY,1900,0%,-33%,Low,0,27,415,,,,,,2400,1900,1900,1900,1900,1900,1600,1600,1600,1600,1900,1600
power view excel 365,JPY,70,0%,-29%,Low,1,,,,,,,,110,90,110,70,90,70,50,50,40,50,70,50
power view in excel,JPY,1000,-18%,-45%,Low,1,24,168,,,,,,1300,1000,1000,1000,1000,1000,1000,720,1000,880,880,720
power view in power bi,JPY,480,-18%,-56%,Low,1,,,,,,,,590,590,720,480,480,480,480,390,480,390,390,320
powerapps powerbi,JPY,1000,0%,-38%,Low,5,77,557,,,,,,1300,1300,1300,1000,1000,1000,1000,880,1000,1000,1300,1000
powershell power bi,JPY,170,-18%,-33%,Low,2,,,,,,,,260,210,210,170,170,170,140,140,140,170,170,140
reddit power bi,JPY,720,0%,22%,Low,0,,,,,,,,590,720,720,720,720,880,720,480,720,880,880,880
removefilters power bi,JPY,140,27%,0%,Low,0,,,,,,,,170,140,140,140,110,140,110,90,110,110,110,140
sharepoint list power bi,JPY,170,0%,-33%,Low,1,,,,,,,,210,170,210,170,170,170,170,140,170,140,210,140
sharepoint list to power bi,JPY,170,-19%,-19%,Low,1,,,,,,,,260,210,210,170,210,170,170,90,170,210,170,170
smartsheet power bi,JPY,320,-19%,-46%,Low,7,433,3105,,,,,,390,390,390,320,320,320,320,260,320,320,390,260
vertipaq,JPY,720,22%,0%,Low,0,,,,,,,,720,880,720,720,720,880,720,720,720,720,880,880
vertipaq analyzer,JPY,720,-18%,-18%,Low,2,558,2532,,,,,,880,880,720,720,720,720,720,720,720,880,880,720
vertipaq engine,JPY,260,0%,-19%,Low,0,,,,,,,,390,320,320,260,320,320,260,170,210,260,320,260
webview2 power bi,JPY,70,0%,-22%,Low,2,,,,,,,,110,90,90,70,70,90,90,50,70,70,70,70
www microsoft com bi,JPY,320,0%,23%,Low,2,,,,,,,,260,260,320,260,260,320,390,480,390,320,320,320
www powerbi com,JPY,1600,-19%,-19%,Low,10,65,764,,,,,,1600,1600,1300,1600,1600,1300,1300,1300,1600,1600,1600,1300
